p_date,tag,festival,detail,weekday
2020-10-05,,,,星期一
2020-10-06,,,,星期二
2020-10-07,,,,星期三
2020-10-08,,,,星期四
2020-10-09,,,,星期五
2020-10-10,,,,星期六
2020-10-11,,,,星期日
2020-10-12,,,,星期一
2020-10-13,,,,星期二
2020-10-14,,,,星期三
2020-10-15,,,,星期四
2020-10-16,,,,星期五
2020-10-17,,,,星期六
2020-10-18,,,2019年10月18日，微博粉丝破百万；一年过去了，百万福利仍在风中飘扬。,星期日
2020-10-19,,,,星期一
2020-10-20,,,,星期二
2020-10-21,,,,星期三
2020-10-22,,,,星期四
2020-10-23,,,,星期五
2020-10-24,,,,星期六
2020-10-25,,,,星期日
2020-10-26,,,,星期一
2020-10-27,,,,星期二
2020-10-28,,,,星期三
2020-10-29,,,,星期四
2020-10-30,,,,星期五
2020-10-31,,万圣节,,星期六